Diabetes_binary,HighBP,HighChol,CholCheck,BMI,Smoker,Stroke,HeartDiseaseorAttack,PhysActivity,Fruits,Veggies,HvyAlcoholConsump,AnyHealthcare,NoDocbcCost,GenHlth,MentHlth,PhysHlth,DiffWalk,Sex,Age,Education,Income,Social_Security_Number
0.0,0.0,0.0,1.0,19.0,1.0,0.0,0.0,1.0,1.0,1.0,0.0,1.0,0.0,2.0,5.0,0.0,0.0,0.0,4.0,6.0,8.0,215-80-8394
0.0,0.0,1.0,1.0,35.0,0.0,0.0,0.0,1.0,0.0,0.0,0.0,1.0,0.0,4.0,0.0,5.0,0.0,1.0,7.0,5.0,8.0,147-14-1234
0.0,0.0,0.0,1.0,23.0,1.0,0.0,0.0,0.0,1.0,1.0,0.0,1.0,0.0,2.0,0.0,2.0,0.0,0.0,10.0,5.0,6.0,268-59-3145
0.0,1.0,1.0,1.0,26.0,0.0,0.0,0.0,1.0,0.0,0.0,0.0,1.0,0.0,1.0,0.0,0.0,0.0,1.0,9.0,6.0,8.0,222-19-9157
0.0,1.0,0.0,1.0,23.0,0.0,0.0,0.0,1.0,1.0,1.0,0.0,1.0,0.0,3.0,0.0,0.0,0.0,0.0,11.0,4.0,4.0,297-95-1508
0.0,1.0,1.0,1.0,30.0,0.0,0.0,0.0,1.0,1.0,1.0,0.0,1.0,0.0,2.0,0.0,0.0,0.0,0.0,13.0,4.0,1.0,748-55-2201
0.0,0.0,0.0,1.0,22.0,0.0,0.0,0.0,1.0,1.0,1.0,0.0,0.0,1.0,2.0,0.0,0.0,0.0,0.0,5.0,6.0,8.0,348-82-9693
0.0,1.0,1.0,1.0,32.0,0.0,0.0,0.0,1.0,0.0,0.0,0.0,1.0,0.0,2.0,0.0,7.0,0.0,0.0,9.0,4.0,2.0,369-48-1695
0.0,0.0,1.0,1.0,28.0,1.0,0.0,0.0,1.0,1.0,1.0,0.0,1.0,0.0,1.0,0.0,0.0,0.0,0.0,7.0,4.0,8.0,375-69-2753
0.0,1.0,0.0,1.0,36.0,1.0,0.0,0.0,1.0,0.0,1.0,0.0,1.0,0.0,2.0,0.0,0.0,0.0,0.0,7.0,5.0,8.0,444-61-5026
1.0,1.0,1.0,1.0,24.0,1.0,0.0,0.0,1.0,0.0,1.0,0.0,1.0,0.0,3.0,0.0,0.0,0.0,0.0,11.0,5.0,8.0,445-28-4380
1.0,1.0,1.0,1.0,31.0,1.0,0.0,0.0,0.0,1.0,0.0,0.0,1.0,0.0,4.0,25.0,30.0,1.0,0.0,9.0,6.0,7.0,557-81-9933
0.0,0.0,1.0,1.0,29.0,1.0,0.0,0.0,1.0,0.0,0.0,0.0,1.0,0.0,3.0,0.0,0.0,0.0,0.0,8.0,4.0,6.0,764-14-1900
1.0,0.0,1.0,1.0,26.0,1.0,0.0,0.0,1.0,0.0,1.0,0.0,1.0,0.0,3.0,2.0,5.0,1.0,1.0,9.0,4.0,6.0,170-58-1136
0.0,1.0,0.0,1.0,34.0,0.0,0.0,0.0,0.0,0.0,0.0,0.0,1.0,0.0,3.0,0.0,2.0,1.0,0.0,11.0,5.0,2.0,562-35-8499
0.0,1.0,1.0,1.0,25.0,1.0,0.0,1.0,0.0,0.0,1.0,0.0,0.0,0.0,2.0,0.0,0.0,0.0,1.0,10.0,4.0,4.0,821-98-6127
0.0,1.0,0.0,1.0,40.0,0.0,1.0,0.0,1.0,1.0,1.0,0.0,1.0,0.0,4.0,0.0,30.0,1.0,1.0,7.0,4.0,3.0,316-60-5042
0.0,0.0,0.0,1.0,29.0,0.0,0.0,0.0,1.0,1.0,1.0,0.0,1.0,0.0,1.0,0.0,0.0,0.0,0.0,7.0,6.0,8.0,760-50-4200
0.0,0.0,1.0,1.0,25.0,0.0,0.0,0.0,0.0,0.0,0.0,0.0,1.0,0.0,1.0,0.0,4.0,0.0,1.0,7.0,5.0,8.0,274-53-2289
0.0,0.0,1.0,1.0,17.0,1.0,0.0,0.0,1.0,1.0,1.0,0.0,1.0,0.0,4.0,14.0,3.0,0.0,0.0,10.0,5.0,4.0,309-79-2176
0.0,0.0,1.0,1.0,24.0,0.0,0.0,0.0,1.0,1.0,1.0,0.0,1.0,0.0,2.0,0.0,0.0,0.0,1.0,11.0,6.0,8.0,495-24-9355
0.0,1.0,1.0,1.0,26.0,0.0,0.0,0.0,1.0,1.0,1.0,0.0,1.0,0.0,3.0,0.0,14.0,0.0,0.0,13.0,4.0,6.0,525-91-1174
0.0,1.0,0.0,1.0,33.0,1.0,0.0,0.0,1.0,1.0,1.0,1.0,1.0,0.0,1.0,14.0,0.0,0.0,1.0,5.0,5.0,8.0,452-77-5734
0.0,1.0,1.0,1.0,21.0,0.0,0.0,1.0,1.0,1.0,0.0,0.0,1.0,0.0,4.0,0.0,30.0,1.0,1.0,13.0,6.0,3.0,114-14-2503
0.0,0.0,1.0,1.0,30.0,0.0,0.0,0.0,1.0,0.0,1.0,0.0,1.0,0.0,1.0,0.0,0.0,0.0,1.0,7.0,6.0,8.0,707-39-5587
1.0,1.0,0.0,1.0,36.0,1.0,1.0,1.0,1.0,1.0,1.0,0.0,1.0,0.0,4.0,5.0,30.0,1.0,0.0,11.0,4.0,1.0,196-89-8182
0.0,1.0,0.0,1.0,41.0,0.0,0.0,0.0,1.0,1.0,1.0,0.0,1.0,0.0,3.0,0.0,0.0,0.0,0.0,12.0,6.0,5.0,802-82-5931
0.0,0.0,0.0,1.0,24.0,0.0,0.0,0.0,1.0,1.0,1.0,0.0,1.0,0.0,1.0,0.0,0.0,0.0,0.0,3.0,6.0,8.0,679-66-5771
1.0,1.0,1.0,1.0,20.0,0.0,0.0,1.0,1.0,1.0,1.0,0.0,1.0,0.0,3.0,0.0,0.0,0.0,0.0,13.0,6.0,6.0,664-57-4936
0.0,1.0,1.0,1.0,27.0,0.0,0.0,0.0,1.0,1.0,1.0,0.0,0.0,0.0,3.0,5.0,5.0,0.0,0.0,7.0,5.0,8.0,527-20-9300
0.0,0.0,1.0,1.0,32.0,1.0,0.0,0.0,0.0,1.0,1.0,0.0,1.0,0.0,3.0,1.0,5.0,0.0,1.0,6.0,6.0,8.0,428-71-9126
0.0,1.0,1.0,1.0,28.0,1.0,0.0,1.0,1.0,1.0,1.0,0.0,1.0,0.0,3.0,0.0,0.0,0.0,1.0,10.0,6.0,7.0,849-82-8115
0.0,1.0,1.0,1.0,31.0,0.0,0.0,1.0,1.0,1.0,1.0,0.0,1.0,0.0,3.0,0.0,0.0,0.0,1.0,9.0,5.0,7.0,429-76-9105
1.0,1.0,1.0,1.0,33.0,1.0,0.0,0.0,1.0,1.0,1.0,0.0,1.0,0.0,4.0,30.0,28.0,1.0,1.0,10.0,6.0,8.0,884-80-4891
1.0,0.0,0.0,1.0,30.0,1.0,0.0,0.0,0.0,1.0,0.0,0.0,1.0,0.0,4.0,30.0,30.0,1.0,0.0,8.0,5.0,4.0,117-82-8768
0.0,1.0,0.0,1.0,36.0,1.0,0.0,0.0,0.0,0.0,1.0,0.0,1.0,0.0,3.0,0.0,0.0,0.0,1.0,5.0,5.0,7.0,655-84-3503
0.0,0.0,1.0,1.0,27.0,0.0,0.0,0.0,1.0,0.0,0.0,0.0,1.0,0.0,2.0,0.0,0.0,0.0,1.0,8.0,6.0,8.0,400-12-6447
1.0,1.0,1.0,1.0,28.0,0.0,0.0,1.0,1.0,1.0,0.0,0.0,1.0,0.0,2.0,0.0,0.0,0.0,1.0,7.0,4.0,3.0,887-56-3607
0.0,0.0,0.0,1.0,24.0,0.0,0.0,0.0,1.0,1.0,1.0,0.0,1.0,0.0,1.0,4.0,0.0,0.0,0.0,3.0,6.0,8.0,574-15-7350
0.0,0.0,1.0,1.0,21.0,0.0,0.0,0.0,1.0,1.0,0.0,0.0,1.0,0.0,2.0,2.0,0.0,0.0,0.0,7.0,6.0,7.0,361-21-1185
0.0,0.0,1.0,1.0,24.0,1.0,0.0,0.0,1.0,0.0,1.0,0.0,1.0,0.0,4.0,0.0,0.0,0.0,1.0,12.0,5.0,5.0,692-63-2090
0.0,1.0,0.0,1.0,53.0,0.0,0.0,0.0,1.0,1.0,1.0,0.0,1.0,0.0,2.0,0.0,0.0,0.0,0.0,10.0,6.0,6.0,244-98-3983
0.0,1.0,0.0,1.0,44.0,0.0,0.0,0.0,1.0,0.0,1.0,0.0,1.0,1.0,3.0,0.0,0.0,0.0,0.0,4.0,6.0,6.0,738-91-8908
0.0,0.0,0.0,1.0,23.0,1.0,0.0,0.0,1.0,0.0,1.0,0.0,1.0,0.0,1.0,0.0,0.0,0.0,1.0,13.0,6.0,8.0,303-68-4001
0.0,0.0,0.0,1.0,30.0,1.0,0.0,0.0,1.0,1.0,1.0,0.0,1.0,0.0,2.0,0.0,0.0,0.0,1.0,3.0,6.0,8.0,585-45-7642
1.0,1.0,1.0,1.0,34.0,1.0,0.0,0.0,1.0,0.0,1.0,0.0,1.0,0.0,3.0,0.0,0.0,0.0,1.0,10.0,5.0,6.0,177-10-1012
0.0,1.0,0.0,1.0,27.0,1.0,0.0,0.0,0.0,1.0,1.0,0.0,1.0,0.0,3.0,30.0,0.0,0.0,0.0,8.0,5.0,8.0,528-42-5836
0.0,0.0,1.0,1.0,26.0,0.0,0.0,0.0,1.0,1.0,1.0,0.0,1.0,0.0,1.0,0.0,0.0,0.0,1.0,9.0,6.0,8.0,490-42-1792
0.0,0.0,0.0,1.0,23.0,1.0,0.0,0.0,1.0,1.0,1.0,0.0,1.0,0.0,3.0,6.0,0.0,0.0,1.0,9.0,6.0,6.0,419-63-2086
0.0,0.0,0.0,1.0,21.0,1.0,0.0,0.0,1.0,1.0,1.0,1.0,1.0,0.0,2.0,5.0,0.0,0.0,0.0,4.0,6.0,7.0,392-73-7925
0.0,0.0,0.0,1.0,22.0,1.0,0.0,0.0,1.0,0.0,1.0,0.0,1.0,0.0,3.0,0.0,0.0,0.0,1.0,13.0,6.0,7.0,414-50-3400
0.0,0.0,1.0,1.0,20.0,0.0,0.0,0.0,1.0,0.0,0.0,0.0,1.0,0.0,2.0,0.0,30.0,0.0,0.0,9.0,5.0,8.0,671-72-5442
0.0,1.0,1.0,1.0,24.0,1.0,0.0,0.0,1.0,0.0,1.0,0.0,1.0,0.0,3.0,0.0,0.0,0.0,0.0,9.0,4.0,8.0,588-63-5077
0.0,0.0,0.0,1.0,23.0,1.0,0.0,0.0,1.0,1.0,1.0,0.0,1.0,0.0,3.0,1.0,1.0,0.0,1.0,4.0,5.0,7.0,249-57-7899
0.0,1.0,1.0,1.0,34.0,1.0,0.0,1.0,1.0,1.0,1.0,0.0,1.0,0.0,3.0,0.0,0.0,0.0,1.0,10.0,5.0,8.0,519-98-5077
0.0,1.0,1.0,1.0,26.0,0.0,0.0,0.0,0.0,1.0,1.0,0.0,1.0,0.0,3.0,0.0,30.0,1.0,0.0,13.0,6.0,7.0,179-71-7024
0.0,1.0,0.0,1.0,30.0,1.0,0.0,0.0,0.0,1.0,1.0,0.0,1.0,0.0,1.0,0.0,0.0,0.0,1.0,3.0,5.0,7.0,549-62-4092
0.0,1.0,1.0,1.0,25.0,1.0,0.0,0.0,0.0,1.0,1.0,0.0,1.0,1.0,4.0,3.0,0.0,0.0,0.0,12.0,4.0,4.0,443-64-8199
0.0,0.0,0.0,1.0,23.0,1.0,0.0,0.0,0.0,1.0,1.0,0.0,1.0,0.0,1.0,0.0,0.0,0.0,0.0,12.0,4.0,8.0,653-16-7019
0.0,1.0,0.0,1.0,27.0,0.0,0.0,0.0,0.0,1.0,1.0,0.0,1.0,0.0,3.0,0.0,0.0,0.0,0.0,9.0,5.0,7.0,723-21-8298
0.0,1.0,1.0,1.0,30.0,0.0,0.0,0.0,1.0,0.0,1.0,0.0,1.0,0.0,2.0,0.0,0.0,0.0,0.0,6.0,5.0,8.0,216-38-4364
0.0,0.0,0.0,1.0,28.0,0.0,0.0,0.0,0.0,0.0,0.0,0.0,1.0,0.0,3.0,0.0,0.0,0.0,1.0,1.0,4.0,8.0,609-58-1555
0.0,0.0,1.0,1.0,25.0,0.0,0.0,0.0,1.0,0.0,0.0,0.0,1.0,0.0,2.0,0.0,4.0,0.0,1.0,6.0,4.0,7.0,883-41-7062
1.0,1.0,1.0,1.0,38.0,0.0,0.0,0.0,1.0,0.0,1.0,0.0,1.0,0.0,2.0,3.0,5.0,0.0,1.0,7.0,6.0,8.0,225-28-9373
0.0,0.0,0.0,1.0,28.0,0.0,0.0,0.0,0.0,1.0,1.0,0.0,1.0,0.0,1.0,2.0,0.0,0.0,1.0,6.0,5.0,1.0,837-33-9650
0.0,0.0,1.0,1.0,23.0,1.0,0.0,0.0,1.0,1.0,1.0,0.0,1.0,0.0,2.0,0.0,0.0,0.0,1.0,8.0,5.0,6.0,369-10-2337
0.0,0.0,1.0,0.0,30.0,1.0,0.0,0.0,1.0,1.0,1.0,0.0,0.0,1.0,3.0,5.0,0.0,0.0,0.0,8.0,4.0,5.0,853-44-5620
0.0,1.0,1.0,1.0,25.0,1.0,0.0,0.0,1.0,0.0,1.0,0.0,1.0,0.0,2.0,15.0,0.0,0.0,0.0,8.0,6.0,7.0,155-99-1232
0.0,0.0,0.0,1.0,25.0,1.0,0.0,0.0,1.0,1.0,1.0,0.0,1.0,0.0,2.0,0.0,0.0,0.0,0.0,8.0,6.0,8.0,192-19-2030
1.0,1.0,1.0,1.0,32.0,0.0,0.0,0.0,1.0,0.0,1.0,0.0,1.0,0.0,1.0,0.0,0.0,0.0,1.0,9.0,4.0,7.0,355-89-6798
0.0,0.0,0.0,1.0,22.0,0.0,0.0,0.0,1.0,0.0,0.0,0.0,1.0,0.0,2.0,0.0,0.0,0.0,0.0,8.0,4.0,4.0,515-91-3305
1.0,0.0,1.0,1.0,27.0,0.0,0.0,0.0,1.0,0.0,1.0,0.0,1.0,0.0,2.0,2.0,3.0,0.0,0.0,8.0,5.0,6.0,483-93-1180
1.0,0.0,0.0,1.0,33.0,0.0,0.0,0.0,1.0,1.0,1.0,0.0,1.0,0.0,3.0,0.0,2.0,1.0,0.0,12.0,6.0,5.0,465-46-9166
1.0,1.0,0.0,1.0,43.0,1.0,0.0,0.0,1.0,1.0,1.0,0.0,1.0,0.0,3.0,0.0,0.0,0.0,0.0,8.0,4.0,3.0,319-58-6737
0.0,1.0,0.0,1.0,27.0,0.0,0.0,0.0,1.0,1.0,1.0,0.0,1.0,0.0,1.0,0.0,0.0,0.0,0.0,12.0,6.0,6.0,460-82-5143
0.0,1.0,1.0,1.0,19.0,0.0,0.0,0.0,1.0,1.0,1.0,0.0,1.0,0.0,1.0,0.0,0.0,0.0,0.0,5.0,5.0,8.0,450-67-9541
0.0,0.0,0.0,1.0,31.0,0.0,0.0,0.0,0.0,1.0,1.0,0.0,1.0,0.0,2.0,7.0,0.0,0.0,1.0,1.0,4.0,4.0,512-88-4377
0.0,1.0,0.0,1.0,32.0,1.0,0.0,0.0,1.0,0.0,1.0,0.0,1.0,0.0,3.0,0.0,30.0,1.0,1.0,6.0,5.0,3.0,720-78-3705
0.0,1.0,0.0,1.0,23.0,0.0,0.0,0.0,1.0,1.0,1.0,0.0,1.0,0.0,3.0,0.0,15.0,1.0,0.0,11.0,6.0,6.0,258-61-2703
0.0,1.0,0.0,1.0,40.0,0.0,0.0,0.0,0.0,1.0,1.0,0.0,1.0,0.0,4.0,3.0,10.0,1.0,0.0,11.0,4.0,6.0,551-75-4438
0.0,1.0,1.0,1.0,55.0,1.0,0.0,1.0,1.0,1.0,1.0,0.0,1.0,0.0,4.0,25.0,7.0,1.0,0.0,8.0,5.0,1.0,115-65-9117
1.0,1.0,1.0,1.0,27.0,1.0,0.0,0.0,1.0,1.0,0.0,0.0,1.0,0.0,2.0,0.0,0.0,0.0,1.0,12.0,6.0,8.0,422-79-1696
0.0,0.0,0.0,1.0,21.0,0.0,0.0,0.0,1.0,1.0,1.0,0.0,1.0,1.0,3.0,0.0,5.0,0.0,1.0,1.0,4.0,2.0,651-55-5166
0.0,0.0,0.0,1.0,23.0,1.0,0.0,0.0,1.0,0.0,1.0,0.0,1.0,0.0,1.0,3.0,0.0,0.0,0.0,12.0,6.0,8.0,737-94-8058
1.0,0.0,0.0,1.0,42.0,1.0,0.0,0.0,0.0,1.0,1.0,0.0,1.0,0.0,4.0,30.0,20.0,1.0,0.0,6.0,4.0,1.0,113-75-5857
0.0,0.0,0.0,1.0,43.0,1.0,0.0,1.0,0.0,0.0,0.0,0.0,1.0,0.0,3.0,1.0,2.0,1.0,1.0,8.0,4.0,3.0,542-35-2744
0.0,0.0,0.0,1.0,28.0,0.0,0.0,0.0,1.0,1.0,1.0,0.0,1.0,0.0,1.0,0.0,0.0,0.0,0.0,4.0,6.0,8.0,358-92-5930
0.0,0.0,0.0,1.0,18.0,1.0,0.0,0.0,0.0,1.0,1.0,0.0,1.0,0.0,2.0,0.0,3.0,0.0,0.0,11.0,6.0,6.0,206-59-8221
0.0,0.0,0.0,1.0,28.0,1.0,0.0,0.0,1.0,0.0,0.0,0.0,1.0,0.0,3.0,0.0,0.0,0.0,1.0,4.0,5.0,8.0,394-45-3489
0.0,1.0,0.0,1.0,16.0,1.0,0.0,0.0,1.0,1.0,1.0,1.0,1.0,0.0,2.0,0.0,0.0,0.0,0.0,10.0,5.0,4.0,879-48-1170
0.0,0.0,0.0,1.0,28.0,1.0,0.0,0.0,1.0,1.0,1.0,0.0,1.0,1.0,1.0,0.0,0.0,0.0,0.0,6.0,6.0,6.0,183-63-3245
0.0,0.0,0.0,1.0,30.0,1.0,0.0,0.0,1.0,1.0,1.0,0.0,1.0,0.0,3.0,0.0,5.0,0.0,1.0,8.0,4.0,7.0,548-97-2082
0.0,1.0,0.0,1.0,28.0,1.0,0.0,0.0,0.0,1.0,1.0,0.0,1.0,0.0,4.0,2.0,29.0,1.0,1.0,6.0,4.0,8.0,169-79-9124
1.0,1.0,1.0,1.0,37.0,1.0,0.0,0.0,0.0,1.0,0.0,0.0,0.0,1.0,5.0,0.0,5.0,1.0,0.0,8.0,2.0,3.0,619-98-1031
0.0,0.0,1.0,1.0,30.0,1.0,0.0,0.0,1.0,0.0,1.0,0.0,1.0,0.0,1.0,0.0,0.0,0.0,0.0,9.0,4.0,7.0,238-91-1944
0.0,0.0,0.0,1.0,20.0,0.0,0.0,0.0,1.0,1.0,1.0,0.0,1.0,0.0,2.0,2.0,2.0,0.0,0.0,2.0,6.0,8.0,365-39-3657
0.0,1.0,1.0,1.0,27.0,0.0,0.0,0.0,1.0,1.0,1.0,0.0,1.0,0.0,3.0,0.0,2.0,1.0,0.0,13.0,6.0,7.0,791-15-2380
1.0,1.0,1.0,1.0,37.0,0.0,0.0,0.0,1.0,0.0,1.0,0.0,0.0,0.0,2.0,0.0,0.0,1.0,1.0,10.0,6.0,6.0,618-12-8021
1.0,1.0,0.0,1.0,20.0,0.0,0.0,1.0,1.0,1.0,1.0,0.0,1.0,0.0,2.0,0.0,0.0,0.0,0.0,9.0,4.0,8.0,804-49-7774
0.0,1.0,1.0,1.0,26.0,1.0,0.0,0.0,0.0,0.0,0.0,0.0,1.0,0.0,3.0,15.0,0.0,0.0,0.0,9.0,5.0,1.0,128-70-9242
0.0,1.0,1.0,1.0,21.0,0.0,1.0,0.0,0.0,0.0,0.0,0.0,1.0,0.0,4.0,15.0,30.0,1.0,0.0,13.0,4.0,2.0,583-15-7299
1.0,1.0,1.0,1.0,21.0,1.0,0.0,0.0,1.0,1.0,1.0,0.0,1.0,0.0,3.0,0.0,1.0,0.0,1.0,8.0,6.0,7.0,805-12-4429
0.0,0.0,1.0,1.0,31.0,0.0,0.0,0.0,1.0,1.0,1.0,0.0,0.0,0.0,2.0,12.0,5.0,1.0,0.0,6.0,6.0,8.0,769-96-5214
0.0,1.0,1.0,1.0,27.0,0.0,0.0,1.0,1.0,1.0,1.0,0.0,1.0,0.0,2.0,0.0,0.0,0.0,1.0,10.0,6.0,6.0,200-39-1334
0.0,0.0,1.0,1.0,29.0,0.0,0.0,0.0,1.0,1.0,1.0,0.0,1.0,0.0,4.0,0.0,0.0,1.0,1.0,10.0,6.0,7.0,527-90-4745
0.0,0.0,1.0,1.0,31.0,1.0,0.0,0.0,0.0,0.0,0.0,0.0,0.0,1.0,4.0,0.0,0.0,0.0,1.0,5.0,2.0,6.0,805-36-5381
0.0,0.0,0.0,1.0,23.0,1.0,0.0,0.0,1.0,0.0,0.0,0.0,1.0,0.0,3.0,0.0,0.0,0.0,0.0,10.0,4.0,5.0,732-56-9268
0.0,1.0,1.0,1.0,26.0,1.0,1.0,1.0,1.0,1.0,0.0,0.0,1.0,1.0,5.0,30.0,30.0,1.0,0.0,7.0,3.0,1.0,719-19-1959
0.0,0.0,1.0,1.0,26.0,1.0,0.0,0.0,1.0,1.0,1.0,0.0,1.0,0.0,1.0,0.0,0.0,0.0,1.0,11.0,6.0,8.0,852-38-8823
0.0,0.0,0.0,1.0,44.0,1.0,0.0,0.0,0.0,1.0,0.0,0.0,1.0,0.0,2.0,10.0,1.0,0.0,0.0,2.0,4.0,4.0,362-33-3131
0.0,1.0,1.0,1.0,23.0,0.0,0.0,0.0,0.0,0.0,1.0,0.0,1.0,0.0,3.0,0.0,0.0,0.0,0.0,11.0,4.0,8.0,284-29-6485
0.0,1.0,1.0,1.0,29.0,0.0,0.0,0.0,1.0,0.0,0.0,0.0,1.0,0.0,3.0,0.0,0.0,0.0,1.0,11.0,4.0,6.0,791-56-3638
0.0,0.0,0.0,1.0,30.0,1.0,0.0,0.0,0.0,0.0,0.0,0.0,1.0,1.0,3.0,0.0,0.0,0.0,1.0,7.0,4.0,7.0,596-94-1255
0.0,0.0,0.0,1.0,34.0,1.0,0.0,0.0,1.0,0.0,1.0,1.0,1.0,0.0,2.0,0.0,3.0,0.0,1.0,5.0,4.0,7.0,418-87-3950
0.0,0.0,0.0,1.0,42.0,1.0,0.0,0.0,1.0,1.0,1.0,0.0,1.0,0.0,3.0,6.0,3.0,0.0,0.0,6.0,6.0,5.0,868-19-1418
0.0,0.0,0.0,1.0,27.0,0.0,0.0,0.0,0.0,1.0,1.0,0.0,1.0,1.0,2.0,0.0,0.0,0.0,0.0,3.0,4.0,1.0,781-31-2718
0.0,0.0,1.0,1.0,24.0,1.0,0.0,0.0,1.0,0.0,1.0,0.0,1.0,1.0,2.0,7.0,0.0,0.0,0.0,6.0,4.0,7.0,789-17-9104
0.0,0.0,0.0,0.0,32.0,0.0,0.0,0.0,1.0,0.0,1.0,0.0,1.0,0.0,3.0,0.0,0.0,0.0,1.0,8.0,6.0,8.0,368-56-4151
0.0,0.0,0.0,1.0,19.0,0.0,0.0,0.0,1.0,1.0,1.0,0.0,1.0,0.0,2.0,0.0,3.0,0.0,0.0,13.0,4.0,3.0,638-88-1076
0.0,0.0,0.0,1.0,22.0,1.0,0.0,0.0,1.0,1.0,1.0,1.0,1.0,0.0,2.0,0.0,1.0,0.0,0.0,10.0,6.0,8.0,887-57-6943
0.0,1.0,0.0,1.0,27.0,1.0,0.0,0.0,0.0,0.0,1.0,0.0,1.0,0.0,3.0,0.0,0.0,0.0,1.0,8.0,4.0,7.0,337-25-1256
0.0,0.0,0.0,1.0,22.0,1.0,1.0,0.0,1.0,1.0,1.0,0.0,1.0,0.0,2.0,0.0,2.0,0.0,1.0,13.0,6.0,5.0,200-54-4132
0.0,1.0,1.0,1.0,30.0,1.0,0.0,1.0,1.0,1.0,1.0,0.0,1.0,0.0,3.0,10.0,0.0,0.0,1.0,10.0,4.0,7.0,535-89-7100
0.0,0.0,0.0,1.0,23.0,1.0,0.0,0.0,1.0,0.0,0.0,0.0,1.0,0.0,4.0,0.0,0.0,0.0,1.0,11.0,2.0,1.0,215-97-8299
1.0,1.0,0.0,1.0,30.0,0.0,0.0,0.0,1.0,1.0,1.0,0.0,1.0,0.0,2.0,0.0,0.0,0.0,1.0,9.0,4.0,7.0,765-46-2899
0.0,0.0,0.0,1.0,23.0,0.0,1.0,0.0,1.0,1.0,1.0,0.0,1.0,0.0,3.0,0.0,6.0,0.0,0.0,12.0,4.0,6.0,762-17-8132
0.0,0.0,0.0,1.0,23.0,0.0,0.0,0.0,1.0,0.0,1.0,0.0,1.0,0.0,2.0,5.0,0.0,0.0,0.0,8.0,6.0,8.0,600-18-2373
0.0,0.0,1.0,1.0,29.0,0.0,0.0,0.0,1.0,0.0,1.0,0.0,1.0,0.0,3.0,4.0,10.0,1.0,0.0,9.0,3.0,1.0,458-10-8854
0.0,1.0,0.0,1.0,27.0,1.0,0.0,0.0,1.0,1.0,1.0,0.0,1.0,0.0,2.0,3.0,0.0,0.0,0.0,7.0,4.0,8.0,760-43-5583
0.0,0.0,1.0,1.0,28.0,0.0,0.0,0.0,1.0,0.0,0.0,0.0,1.0,0.0,2.0,0.0,0.0,0.0,1.0,9.0,5.0,7.0,310-24-4131
0.0,0.0,0.0,1.0,19.0,1.0,0.0,0.0,1.0,1.0,1.0,0.0,1.0,0.0,3.0,3.0,0.0,0.0,0.0,13.0,5.0,3.0,740-36-1730
0.0,1.0,0.0,1.0,27.0,0.0,0.0,0.0,1.0,0.0,1.0,0.0,1.0,0.0,2.0,3.0,0.0,0.0,0.0,8.0,6.0,7.0,591-83-9874
0.0,1.0,0.0,1.0,30.0,0.0,0.0,0.0,1.0,0.0,0.0,0.0,1.0,0.0,1.0,0.0,0.0,0.0,0.0,10.0,6.0,8.0,381-84-2735
0.0,0.0,1.0,1.0,21.0,0.0,0.0,0.0,1.0,1.0,1.0,1.0,1.0,0.0,1.0,0.0,4.0,0.0,0.0,8.0,6.0,8.0,717-94-5335
0.0,0.0,0.0,1.0,28.0,0.0,0.0,0.0,1.0,1.0,1.0,0.0,1.0,0.0,2.0,2.0,0.0,0.0,1.0,7.0,6.0,8.0,867-19-4009
0.0,1.0,1.0,1.0,20.0,0.0,0.0,0.0,1.0,1.0,1.0,1.0,1.0,0.0,2.0,0.0,0.0,0.0,0.0,8.0,6.0,3.0,187-42-8607
0.0,0.0,0.0,1.0,29.0,0.0,0.0,0.0,1.0,0.0,1.0,0.0,1.0,0.0,2.0,0.0,1.0,0.0,1.0,2.0,6.0,7.0,610-46-2031
0.0,0.0,0.0,1.0,27.0,0.0,0.0,0.0,1.0,0.0,1.0,1.0,1.0,1.0,2.0,7.0,0.0,0.0,0.0,3.0,6.0,8.0,879-15-1511
0.0,0.0,1.0,1.0,21.0,1.0,0.0,0.0,1.0,1.0,1.0,0.0,1.0,0.0,2.0,6.0,0.0,0.0,0.0,13.0,6.0,4.0,200-78-5333
0.0,1.0,0.0,1.0,37.0,0.0,0.0,0.0,1.0,0.0,1.0,0.0,1.0,0.0,3.0,0.0,0.0,0.0,1.0,8.0,6.0,8.0,836-24-7893
1.0,1.0,1.0,1.0,33.0,1.0,0.0,1.0,0.0,1.0,0.0,0.0,1.0,0.0,4.0,0.0,0.0,0.0,0.0,6.0,5.0,6.0,718-38-5200
1.0,1.0,0.0,1.0,30.0,0.0,0.0,0.0,1.0,1.0,1.0,0.0,1.0,0.0,2.0,0.0,0.0,0.0,1.0,12.0,6.0,7.0,777-48-6207
0.0,0.0,1.0,1.0,24.0,0.0,0.0,0.0,1.0,1.0,1.0,0.0,1.0,0.0,1.0,0.0,0.0,0.0,0.0,3.0,6.0,8.0,556-82-4124
0.0,0.0,1.0,1.0,27.0,1.0,0.0,0.0,1.0,0.0,0.0,0.0,1.0,0.0,3.0,0.0,0.0,0.0,0.0,8.0,4.0,7.0,641-72-7543
0.0,0.0,0.0,1.0,20.0,0.0,0.0,0.0,1.0,1.0,1.0,0.0,1.0,1.0,5.0,0.0,30.0,0.0,1.0,1.0,5.0,6.0,593-13-5640
0.0,0.0,0.0,1.0,27.0,0.0,0.0,0.0,1.0,1.0,1.0,0.0,1.0,0.0,1.0,0.0,0.0,0.0,0.0,9.0,6.0,6.0,651-22-6369
0.0,1.0,1.0,0.0,23.0,0.0,0.0,0.0,0.0,0.0,1.0,0.0,1.0,1.0,3.0,0.0,0.0,0.0,0.0,3.0,4.0,3.0,749-99-7896
0.0,0.0,0.0,1.0,20.0,0.0,0.0,0.0,1.0,1.0,1.0,0.0,1.0,0.0,1.0,0.0,30.0,0.0,0.0,2.0,3.0,5.0,324-91-9376
0.0,1.0,1.0,1.0,21.0,0.0,0.0,0.0,1.0,1.0,1.0,0.0,1.0,0.0,3.0,0.0,2.0,0.0,0.0,11.0,6.0,4.0,246-38-6884
0.0,0.0,0.0,1.0,22.0,1.0,0.0,0.0,0.0,0.0,1.0,1.0,1.0,0.0,3.0,0.0,7.0,0.0,1.0,12.0,4.0,5.0,873-72-1940
0.0,1.0,0.0,1.0,27.0,0.0,0.0,1.0,1.0,1.0,1.0,0.0,1.0,0.0,4.0,0.0,0.0,0.0,1.0,1.0,5.0,4.0,296-33-9632
0.0,1.0,1.0,1.0,26.0,0.0,0.0,0.0,0.0,1.0,1.0,0.0,0.0,1.0,4.0,20.0,20.0,0.0,0.0,3.0,2.0,1.0,736-17-1396
0.0,1.0,1.0,1.0,25.0,1.0,0.0,0.0,1.0,0.0,1.0,1.0,1.0,0.0,2.0,0.0,0.0,0.0,1.0,9.0,5.0,8.0,692-51-7919
0.0,0.0,0.0,1.0,23.0,0.0,0.0,0.0,1.0,1.0,1.0,0.0,1.0,1.0,2.0,0.0,0.0,0.0,1.0,7.0,6.0,7.0,172-40-4725
0.0,1.0,0.0,1.0,32.0,0.0,0.0,0.0,1.0,1.0,1.0,0.0,1.0,0.0,2.0,0.0,0.0,0.0,1.0,7.0,4.0,6.0,103-19-1771
0.0,0.0,1.0,1.0,22.0,0.0,0.0,0.0,1.0,1.0,1.0,0.0,1.0,0.0,3.0,0.0,0.0,0.0,0.0,8.0,6.0,8.0,247-70-3125
0.0,0.0,0.0,1.0,21.0,0.0,0.0,0.0,1.0,1.0,1.0,0.0,1.0,0.0,1.0,0.0,0.0,0.0,0.0,6.0,6.0,8.0,516-58-5553
0.0,0.0,0.0,1.0,21.0,0.0,0.0,0.0,1.0,1.0,1.0,0.0,1.0,0.0,2.0,2.0,0.0,0.0,0.0,4.0,6.0,8.0,534-89-9324
0.0,0.0,1.0,1.0,40.0,0.0,0.0,0.0,1.0,1.0,1.0,0.0,1.0,0.0,3.0,6.0,15.0,0.0,0.0,4.0,5.0,5.0,715-85-7873
0.0,0.0,1.0,1.0,35.0,0.0,0.0,0.0,0.0,0.0,1.0,0.0,1.0,0.0,3.0,0.0,2.0,0.0,1.0,7.0,4.0,5.0,746-88-4402
0.0,0.0,0.0,1.0,24.0,0.0,0.0,0.0,1.0,0.0,1.0,0.0,1.0,0.0,2.0,0.0,0.0,0.0,1.0,1.0,4.0,8.0,557-76-2479
0.0,0.0,0.0,1.0,30.0,0.0,0.0,0.0,1.0,0.0,1.0,0.0,1.0,0.0,3.0,0.0,2.0,0.0,1.0,3.0,6.0,8.0,172-19-3460
0.0,0.0,0.0,1.0,21.0,0.0,0.0,0.0,1.0,1.0,1.0,0.0,1.0,0.0,1.0,0.0,0.0,0.0,0.0,10.0,6.0,8.0,326-32-8235
0.0,0.0,0.0,1.0,23.0,0.0,0.0,0.0,1.0,1.0,1.0,0.0,1.0,0.0,2.0,0.0,0.0,0.0,0.0,8.0,5.0,7.0,604-27-4554
0.0,1.0,0.0,1.0,35.0,0.0,0.0,1.0,1.0,1.0,1.0,0.0,1.0,0.0,2.0,0.0,0.0,0.0,1.0,8.0,4.0,6.0,692-65-6572
0.0,1.0,1.0,1.0,27.0,0.0,0.0,1.0,1.0,1.0,1.0,0.0,1.0,0.0,3.0,2.0,0.0,0.0,0.0,9.0,6.0,3.0,129-86-1288
1.0,1.0,1.0,1.0,26.0,1.0,0.0,1.0,0.0,0.0,1.0,1.0,1.0,0.0,3.0,0.0,0.0,0.0,1.0,13.0,6.0,5.0,479-82-2574
0.0,1.0,1.0,1.0,30.0,1.0,0.0,0.0,0.0,1.0,0.0,1.0,1.0,0.0,2.0,15.0,0.0,0.0,1.0,9.0,4.0,6.0,305-72-7470
0.0,0.0,1.0,1.0,26.0,0.0,0.0,0.0,1.0,1.0,1.0,0.0,1.0,0.0,2.0,0.0,10.0,0.0,0.0,6.0,6.0,8.0,535-51-9460
0.0,0.0,1.0,1.0,24.0,0.0,0.0,0.0,1.0,1.0,1.0,0.0,1.0,0.0,1.0,0.0,0.0,0.0,1.0,9.0,6.0,8.0,449-35-2063
0.0,0.0,1.0,1.0,18.0,0.0,0.0,0.0,1.0,1.0,0.0,0.0,1.0,0.0,1.0,0.0,0.0,0.0,1.0,5.0,6.0,8.0,649-92-8581
0.0,1.0,0.0,1.0,37.0,1.0,0.0,0.0,1.0,0.0,1.0,0.0,1.0,0.0,3.0,0.0,0.0,0.0,1.0,7.0,5.0,7.0,385-36-2140
0.0,0.0,0.0,1.0,33.0,1.0,0.0,1.0,0.0,0.0,1.0,0.0,1.0,0.0,2.0,6.0,1.0,0.0,1.0,11.0,6.0,6.0,137-90-6469
0.0,1.0,0.0,1.0,24.0,0.0,0.0,0.0,1.0,1.0,1.0,0.0,1.0,0.0,1.0,0.0,1.0,0.0,0.0,9.0,6.0,7.0,773-82-6096
0.0,0.0,0.0,1.0,18.0,1.0,0.0,0.0,1.0,0.0,1.0,1.0,1.0,0.0,2.0,10.0,0.0,0.0,0.0,2.0,5.0,7.0,702-85-9534
0.0,1.0,0.0,1.0,39.0,0.0,0.0,0.0,0.0,1.0,1.0,0.0,1.0,1.0,3.0,7.0,0.0,0.0,0.0,2.0,5.0,6.0,246-56-4939
0.0,0.0,1.0,1.0,21.0,0.0,0.0,0.0,0.0,1.0,0.0,0.0,1.0,0.0,1.0,0.0,0.0,1.0,0.0,12.0,2.0,2.0,149-46-3482
1.0,1.0,0.0,1.0,35.0,1.0,0.0,0.0,0.0,1.0,1.0,0.0,1.0,0.0,4.0,0.0,30.0,1.0,1.0,10.0,6.0,7.0,368-25-3729
1.0,1.0,0.0,1.0,31.0,0.0,0.0,0.0,1.0,1.0,1.0,0.0,1.0,0.0,5.0,25.0,30.0,1.0,0.0,5.0,5.0,3.0,101-22-9592
0.0,0.0,0.0,1.0,33.0,0.0,0.0,0.0,1.0,1.0,1.0,0.0,1.0,0.0,2.0,0.0,1.0,0.0,0.0,4.0,5.0,8.0,189-16-9249
0.0,1.0,0.0,1.0,33.0,0.0,0.0,0.0,1.0,1.0,1.0,0.0,1.0,0.0,1.0,0.0,0.0,1.0,0.0,11.0,6.0,6.0,465-88-4632
0.0,0.0,1.0,0.0,28.0,1.0,0.0,0.0,0.0,0.0,0.0,0.0,1.0,0.0,1.0,0.0,0.0,0.0,1.0,9.0,6.0,8.0,211-84-2949
0.0,0.0,0.0,0.0,28.0,1.0,0.0,0.0,1.0,1.0,1.0,0.0,1.0,0.0,1.0,0.0,0.0,0.0,0.0,8.0,5.0,8.0,316-96-4154
0.0,1.0,0.0,1.0,26.0,1.0,0.0,0.0,1.0,0.0,0.0,0.0,1.0,0.0,2.0,0.0,0.0,0.0,0.0,10.0,4.0,4.0,309-75-2698
0.0,0.0,0.0,1.0,25.0,0.0,0.0,0.0,1.0,0.0,0.0,0.0,1.0,0.0,2.0,1.0,2.0,0.0,1.0,6.0,4.0,8.0,774-16-2971
0.0,1.0,1.0,1.0,30.0,0.0,0.0,0.0,0.0,0.0,1.0,0.0,1.0,0.0,2.0,0.0,0.0,0.0,0.0,9.0,6.0,8.0,206-82-4642
1.0,0.0,0.0,1.0,30.0,0.0,0.0,0.0,1.0,1.0,1.0,0.0,1.0,0.0,3.0,0.0,0.0,0.0,1.0,10.0,6.0,6.0,788-85-7278
0.0,0.0,1.0,1.0,31.0,1.0,0.0,0.0,1.0,0.0,1.0,0.0,1.0,0.0,3.0,3.0,0.0,0.0,0.0,9.0,5.0,6.0,180-60-3326
0.0,0.0,0.0,1.0,27.0,0.0,0.0,0.0,1.0,1.0,1.0,0.0,1.0,1.0,2.0,5.0,0.0,0.0,1.0,7.0,6.0,4.0,390-71-4777
1.0,1.0,1.0,1.0,18.0,1.0,1.0,1.0,1.0,0.0,1.0,0.0,1.0,0.0,5.0,0.0,28.0,1.0,1.0,13.0,4.0,4.0,884-59-7052
0.0,1.0,1.0,1.0,36.0,0.0,0.0,1.0,0.0,1.0,1.0,0.0,1.0,0.0,3.0,0.0,30.0,1.0,1.0,11.0,4.0,7.0,144-55-8974
1.0,1.0,0.0,1.0,36.0,0.0,0.0,0.0,1.0,1.0,1.0,0.0,1.0,0.0,2.0,3.0,0.0,0.0,0.0,9.0,6.0,6.0,450-97-8495
1.0,1.0,1.0,1.0,33.0,0.0,0.0,1.0,0.0,1.0,1.0,0.0,1.0,0.0,5.0,0.0,15.0,0.0,0.0,12.0,4.0,5.0,311-16-1985
1.0,1.0,0.0,1.0,35.0,0.0,0.0,0.0,1.0,1.0,1.0,0.0,1.0,0.0,3.0,5.0,15.0,0.0,0.0,6.0,5.0,5.0,878-58-5568
1.0,1.0,0.0,1.0,29.0,1.0,0.0,1.0,1.0,1.0,1.0,0.0,1.0,0.0,4.0,0.0,0.0,0.0,1.0,13.0,4.0,6.0,695-46-6850
0.0,0.0,0.0,1.0,29.0,1.0,1.0,0.0,0.0,1.0,1.0,0.0,1.0,0.0,2.0,0.0,0.0,0.0,1.0,12.0,6.0,8.0,595-96-4099
0.0,1.0,0.0,1.0,45.0,1.0,0.0,0.0,0.0,0.0,1.0,0.0,1.0,0.0,3.0,0.0,0.0,0.0,1.0,5.0,5.0,5.0,232-11-6689
0.0,0.0,0.0,1.0,22.0,0.0,0.0,0.0,1.0,1.0,1.0,0.0,1.0,1.0,1.0,0.0,0.0,0.0,0.0,4.0,4.0,7.0,753-22-7959
0.0,0.0,0.0,1.0,23.0,0.0,0.0,0.0,1.0,1.0,1.0,0.0,1.0,0.0,2.0,0.0,5.0,0.0,0.0,10.0,6.0,6.0,202-46-8103
0.0,0.0,0.0,1.0,32.0,0.0,0.0,0.0,1.0,1.0,1.0,0.0,1.0,0.0,1.0,0.0,0.0,0.0,0.0,5.0,6.0,8.0,447-26-4368
0.0,1.0,1.0,1.0,28.0,1.0,0.0,0.0,1.0,0.0,1.0,0.0,1.0,0.0,3.0,0.0,0.0,0.0,1.0,10.0,4.0,6.0,261-60-8926
0.0,0.0,0.0,1.0,26.0,1.0,0.0,0.0,0.0,1.0,1.0,0.0,1.0,1.0,4.0,0.0,0.0,0.0,1.0,13.0,6.0,8.0,468-73-7326
1.0,1.0,1.0,1.0,21.0,0.0,0.0,1.0,1.0,1.0,1.0,0.0,1.0,0.0,3.0,0.0,0.0,0.0,0.0,13.0,4.0,7.0,235-54-5367
0.0,0.0,0.0,1.0,20.0,1.0,0.0,0.0,0.0,1.0,0.0,0.0,1.0,0.0,2.0,0.0,7.0,0.0,1.0,1.0,4.0,4.0,386-78-8446
0.0,0.0,0.0,1.0,24.0,1.0,0.0,0.0,1.0,1.0,1.0,0.0,1.0,0.0,2.0,0.0,3.0,0.0,1.0,6.0,6.0,8.0,230-58-2452
0.0,0.0,0.0,1.0,22.0,0.0,0.0,0.0,0.0,0.0,0.0,0.0,0.0,0.0,1.0,0.0,0.0,0.0,0.0,5.0,6.0,8.0,224-10-5741
0.0,1.0,1.0,1.0,29.0,1.0,0.0,0.0,1.0,0.0,1.0,0.0,1.0,0.0,3.0,0.0,2.0,0.0,0.0,10.0,4.0,7.0,815-38-4934
1.0,1.0,1.0,1.0,32.0,0.0,0.0,0.0,1.0,1.0,0.0,0.0,1.0,0.0,3.0,2.0,2.0,1.0,0.0,10.0,4.0,2.0,318-57-2635
0.0,1.0,0.0,1.0,24.0,1.0,0.0,0.0,0.0,1.0,0.0,0.0,1.0,0.0,5.0,0.0,21.0,1.0,0.0,11.0,3.0,2.0,484-17-4042
0.0,0.0,0.0,1.0,28.0,0.0,0.0,0.0,0.0,1.0,1.0,0.0,1.0,1.0,4.0,6.0,10.0,1.0,0.0,1.0,4.0,7.0,433-77-4855
0.0,0.0,0.0,1.0,33.0,0.0,0.0,0.0,0.0,1.0,1.0,0.0,1.0,0.0,2.0,0.0,0.0,0.0,1.0,5.0,6.0,8.0,865-17-4640
0.0,0.0,1.0,1.0,25.0,0.0,0.0,0.0,1.0,1.0,1.0,1.0,1.0,0.0,2.0,0.0,0.0,0.0,1.0,9.0,6.0,8.0,652-25-1496
1.0,1.0,1.0,1.0,30.0,1.0,0.0,1.0,1.0,0.0,1.0,0.0,1.0,0.0,4.0,0.0,0.0,0.0,0.0,8.0,6.0,8.0,403-82-6469
1.0,1.0,0.0,1.0,26.0,0.0,0.0,0.0,1.0,1.0,1.0,0.0,1.0,0.0,3.0,0.0,4.0,0.0,0.0,6.0,5.0,1.0,283-80-7357
0.0,0.0,0.0,1.0,27.0,1.0,0.0,0.0,0.0,0.0,1.0,1.0,1.0,0.0,2.0,0.0,0.0,0.0,1.0,7.0,5.0,7.0,891-12-5102
0.0,0.0,1.0,1.0,35.0,1.0,0.0,0.0,1.0,1.0,0.0,0.0,0.0,0.0,4.0,5.0,14.0,1.0,0.0,9.0,5.0,6.0,813-19-1762
1.0,0.0,1.0,1.0,29.0,1.0,0.0,1.0,0.0,1.0,1.0,0.0,1.0,0.0,5.0,0.0,30.0,1.0,1.0,9.0,2.0,4.0,284-93-8130
0.0,0.0,0.0,1.0,18.0,0.0,0.0,0.0,1.0,1.0,1.0,0.0,1.0,0.0,1.0,12.0,8.0,0.0,0.0,10.0,6.0,5.0,657-72-1631
0.0,0.0,0.0,1.0,29.0,0.0,0.0,0.0,1.0,1.0,1.0,0.0,1.0,1.0,3.0,0.0,2.0,0.0,0.0,7.0,4.0,4.0,564-12-7339
0.0,0.0,0.0,1.0,19.0,0.0,0.0,0.0,1.0,0.0,1.0,0.0,1.0,0.0,1.0,0.0,0.0,0.0,0.0,9.0,6.0,8.0,789-11-6516
0.0,1.0,1.0,1.0,29.0,0.0,0.0,0.0,0.0,1.0,1.0,0.0,1.0,0.0,3.0,0.0,1.0,0.0,1.0,5.0,5.0,7.0,779-18-7606
0.0,1.0,1.0,1.0,27.0,0.0,0.0,0.0,1.0,1.0,1.0,0.0,1.0,0.0,1.0,0.0,0.0,0.0,1.0,7.0,6.0,8.0,805-20-5235
0.0,0.0,0.0,1.0,25.0,0.0,0.0,0.0,1.0,1.0,1.0,0.0,1.0,0.0,1.0,0.0,0.0,0.0,1.0,7.0,6.0,7.0,275-50-2339
0.0,1.0,1.0,1.0,30.0,1.0,0.0,0.0,0.0,0.0,0.0,0.0,0.0,1.0,3.0,4.0,4.0,0.0,1.0,7.0,4.0,1.0,234-70-6502
1.0,1.0,1.0,1.0,27.0,1.0,0.0,0.0,1.0,1.0,1.0,0.0,1.0,0.0,3.0,0.0,2.0,0.0,0.0,10.0,5.0,8.0,432-30-2244
0.0,0.0,0.0,0.0,44.0,1.0,0.0,0.0,1.0,0.0,0.0,0.0,0.0,0.0,3.0,0.0,0.0,0.0,1.0,2.0,5.0,6.0,156-95-2627
0.0,0.0,0.0,1.0,22.0,0.0,0.0,0.0,1.0,1.0,1.0,0.0,1.0,0.0,2.0,1.0,0.0,0.0,1.0,2.0,6.0,8.0,224-31-4489
0.0,0.0,1.0,1.0,28.0,1.0,0.0,1.0,1.0,1.0,1.0,0.0,1.0,0.0,4.0,1.0,0.0,0.0,1.0,9.0,6.0,8.0,403-14-1966
0.0,1.0,0.0,1.0,21.0,1.0,0.0,0.0,1.0,1.0,1.0,0.0,1.0,0.0,1.0,0.0,0.0,0.0,0.0,11.0,6.0,5.0,572-50-7731
0.0,0.0,0.0,1.0,26.0,0.0,0.0,0.0,1.0,1.0,1.0,0.0,1.0,0.0,1.0,0.0,0.0,0.0,0.0,7.0,6.0,8.0,676-61-5061
1.0,1.0,1.0,1.0,26.0,0.0,0.0,0.0,1.0,0.0,1.0,0.0,1.0,1.0,4.0,5.0,15.0,1.0,0.0,9.0,5.0,2.0,752-86-5570
0.0,0.0,0.0,1.0,32.0,1.0,0.0,0.0,1.0,0.0,1.0,0.0,1.0,0.0,2.0,0.0,4.0,0.0,1.0,3.0,5.0,8.0,131-42-4109
0.0,0.0,0.0,1.0,29.0,1.0,1.0,0.0,0.0,1.0,1.0,0.0,1.0,1.0,3.0,3.0,0.0,0.0,1.0,4.0,6.0,8.0,880-65-3842
0.0,0.0,0.0,0.0,25.0,0.0,0.0,0.0,1.0,0.0,1.0,0.0,0.0,0.0,3.0,30.0,18.0,0.0,1.0,4.0,4.0,8.0,321-75-9988
0.0,1.0,0.0,1.0,31.0,1.0,0.0,0.0,1.0,0.0,0.0,0.0,1.0,0.0,2.0,0.0,0.0,0.0,1.0,10.0,4.0,5.0,602-93-9618
0.0,0.0,0.0,1.0,22.0,0.0,0.0,0.0,1.0,0.0,1.0,0.0,1.0,1.0,3.0,0.0,0.0,0.0,0.0,7.0,6.0,8.0,218-17-7270
0.0,0.0,0.0,1.0,22.0,1.0,0.0,0.0,1.0,0.0,1.0,0.0,1.0,1.0,4.0,0.0,3.0,0.0,1.0,6.0,5.0,2.0,349-59-2183
0.0,0.0,1.0,1.0,24.0,1.0,0.0,0.0,1.0,0.0,0.0,0.0,1.0,0.0,4.0,3.0,0.0,1.0,1.0,8.0,4.0,3.0,797-39-4386
0.0,0.0,0.0,1.0,22.0,1.0,0.0,0.0,1.0,0.0,1.0,1.0,1.0,1.0,1.0,7.0,0.0,0.0,1.0,3.0,6.0,8.0,164-60-1805
0.0,0.0,0.0,1.0,38.0,0.0,0.0,0.0,1.0,1.0,1.0,0.0,1.0,0.0,3.0,0.0,0.0,0.0,1.0,8.0,5.0,8.0,191-71-1152
